category,product_name,slug,page_url,primary_keyword,secondary_keywords
Scotch,Ballantine's Finest,ballantines-scotch-whisky,https://caskworth.com/products/ballantines-scotch-whisky,ballantine's scotch whisky,"buy ballantine's online, ballantine's finest blended scotch, ballantine's whisky price, blended scotch whisky online, scotch whisky brands"
Scotch,Cutty Sark,cutty-sark-scotch-whisky,https://caskworth.com/products/cutty-sark-scotch-whisky,cutty sark scotch whisky,"buy cutty sark online, cutty sark blended scotch, cutty sark price, blended scotch whisky online, classic scotch whisky brands"
Scotch,J&B Rare,jb-rare-scotch-whisky,https://caskworth.com/products/jb-rare-scotch-whisky,jb rare scotch whisky,"buy j&b online, j&b rare blended scotch, j&b whisky price, blended scotch whisky online, scotch whisky brands"
Scotch,Black & White,black-and-white-scotch-whisky,https://caskworth.com/products/black-and-white-scotch-whisky,black and white scotch whisky,"buy black and white scotch online, black and white blended scotch, black and white whisky price, blended scotch whisky online, affordable scotch whisky"
Scotch,White Horse,white-horse-scotch-whisky,https://caskworth.com/products/white-horse-scotch-whisky,white horse scotch whisky,"buy white horse online, white horse blended scotch, white horse whisky price, blended scotch whisky online, scotch whisky brands"
Scotch,Teacher's Highland Cream,teachers-highland-cream-scotch,https://caskworth.com/products/teachers-highland-cream-scotch,teachers highland cream scotch,"buy teachers scotch online, teachers highland cream price, blended scotch whisky online, scotch whisky brands, affordable scotch whisky"
Scotch,Whyte & Mackay,whyte-and-mackay-scotch-whisky,https://caskworth.com/products/whyte-and-mackay-scotch-whisky,whyte and mackay scotch whisky,"buy whyte and mackay online, whyte and mackay blended scotch, whyte and mackay price, blended scotch whisky online, scotch whisky brands"
Scotch,Glen Grant,glen-grant-single-malt-scotch,https://caskworth.com/products/glen-grant-single-malt-scotch,glen grant single malt scotch,"buy glen grant online, glen grant 10 year, glen grant 12 year, speyside single malt scotch, glen grant whisky price"
Scotch,The Glenrothes,glenrothes-single-malt-scotch,https://caskworth.com/products/glenrothes-single-malt-scotch,glenrothes single malt scotch,"buy glenrothes online, glenrothes vintage single malt, speyside single malt scotch, glenrothes whisky price, glenrothes vs macallan"
Scotch,Cragganmore,cragganmore-single-malt-scotch,https://caskworth.com/products/cragganmore-single-malt-scotch,cragganmore single malt scotch,"buy cragganmore online, cragganmore 12 year, speyside single malt scotch, cragganmore whisky price, diageo classic malts"
Scotch,Cardhu,cardhu-single-malt-scotch,https://caskworth.com/products/cardhu-single-malt-scotch,cardhu single malt scotch,"buy cardhu online, cardhu 12 year, speyside single malt scotch, cardhu whisky price, johnnie walker heart malt"
Scotch,Knockando,knockando-single-malt-scotch,https://caskworth.com/products/knockando-single-malt-scotch,knockando single malt scotch,"buy knockando online, knockando vintage single malt, speyside single malt scotch, knockando whisky price, vintage scotch whisky"
Scotch,Bruichladdich,bruichladdich-single-malt-scotch,https://caskworth.com/products/bruichladdich-single-malt-scotch,bruichladdich single malt scotch,"buy bruichladdich online, bruichladdich classic laddie, islay single malt scotch, bruichladdich whisky price, unpeated islay whisky"
Scotch,Bunnahabhain,bunnahabhain-single-malt-scotch,https://caskworth.com/products/bunnahabhain-single-malt-scotch,bunnahabhain single malt scotch,"buy bunnahabhain online, bunnahabhain 12 year, islay single malt scotch, bunnahabhain whisky price, unpeated islay whisky"
Scotch,Kilchoman,kilchoman-single-malt-scotch,https://caskworth.com/products/kilchoman-single-malt-scotch,kilchoman single malt scotch,"buy kilchoman online, kilchoman machir bay, islay single malt scotch, kilchoman whisky price, new islay distillery"
Scotch,Deanston,deanston-single-malt-scotch,https://caskworth.com/products/deanston-single-malt-scotch,deanston single malt scotch,"buy deanston online, deanston 12 year, highland single malt scotch, deanston whisky price, organic scotch whisky"
Scotch,Tobermory / Ledaig,tobermory-single-malt-scotch,https://caskworth.com/products/tobermory-single-malt-scotch,tobermory single malt scotch,"buy tobermory online, ledaig peated whisky, isle of mull single malt, tobermory whisky price, scotch whisky regions"
Scotch,Old Pulteney,old-pulteney-single-malt-scotch,https://caskworth.com/products/old-pulteney-single-malt-scotch,old pulteney single malt scotch,"buy old pulteney online, old pulteney 12 year, highland single malt scotch, old pulteney whisky price, coastal single malt scotch"
Scotch,Wolfburn,wolfburn-single-malt-scotch,https://caskworth.com/products/wolfburn-single-malt-scotch,wolfburn single malt scotch,"buy wolfburn online, wolfburn northland, highland single malt scotch, wolfburn whisky price, northernmost scotch distillery"
Scotch,Isle of Arran,arran-single-malt-scotch,https://caskworth.com/products/arran-single-malt-scotch,arran single malt scotch,"buy arran whisky online, isle of arran single malt, arran 10 year, arran whisky price, island single malt scotch"
Scotch,Isle of Jura,jura-single-malt-scotch,https://caskworth.com/products/jura-single-malt-scotch,jura single malt scotch,"buy jura whisky online, isle of jura single malt, jura whisky price, island single malt scotch, jura superstition"
Scotch,Tullibardine,tullibardine-single-malt-scotch,https://caskworth.com/products/tullibardine-single-malt-scotch,tullibardine single malt scotch,"buy tullibardine online, tullibardine 225 sauternes, highland single malt scotch, tullibardine whisky price, affordable single malt scotch"
Scotch,Loch Lomond,loch-lomond-single-malt-scotch,https://caskworth.com/products/loch-lomond-single-malt-scotch,loch lomond single malt scotch,"buy loch lomond online, loch lomond 12 year, highland single malt scotch, loch lomond whisky price, scottish single malt brands"
Scotch,Glengoyne,glengoyne-single-malt-scotch,https://caskworth.com/products/glengoyne-single-malt-scotch,glengoyne single malt scotch,"buy glengoyne online, glengoyne 12 year, highland single malt scotch, glengoyne whisky price, unpeated highland whisky"
Scotch,Tamdhu,tamdhu-single-malt-scotch,https://caskworth.com/products/tamdhu-single-malt-scotch,tamdhu single malt scotch,"buy tamdhu online, tamdhu 12 year sherry cask, speyside single malt scotch, tamdhu whisky price, sherry cask single malt"
Scotch,GlenAllachie 12 Year,glenallachie-12-year,https://caskworth.com/products/glenallachie-12-year,glenallachie 12 year single malt,"glenallachie whisky price, speyside single malt scotch, glenallachie scotch, single malt scotch whisky, buy glenallachie 12 year online"
Scotch,Tomintoul 10 Year,tomintoul-10-year,https://caskworth.com/products/tomintoul-10-year,tomintoul 10 year single malt,"tomintoul whisky price, speyside single malt scotch, tomintoul scotch, single malt scotch whisky, buy tomintoul 10 year online"
Scotch,Speyburn 10 Year,speyburn-10-year,https://caskworth.com/products/speyburn-10-year,speyburn 10 year single malt,"speyburn whisky price, speyside single malt scotch, speyburn scotch, single malt scotch whisky, buy speyburn 10 year online"
Scotch,Craigellachie 13 Year,craigellachie-13-year,https://caskworth.com/products/craigellachie-13-year,craigellachie 13 year single malt,"craigellachie whisky price, speyside single malt scotch, craigellachie scotch, single malt scotch whisky, buy craigellachie 13 year online"
Scotch,Balblair 12 Year,balblair-12-year,https://caskworth.com/products/balblair-12-year,balblair 12 year single malt,"balblair whisky price, highland single malt scotch, balblair scotch, single malt scotch whisky, buy balblair 12 year online"
Scotch,Clynelish 14 Year,clynelish-14-year,https://caskworth.com/products/clynelish-14-year,clynelish 14 year single malt,"clynelish whisky price, highland single malt scotch, clynelish scotch, single malt scotch whisky, buy clynelish 14 year online"
Scotch,Dalwhinnie 15 Year,dalwhinnie-15-year,https://caskworth.com/products/dalwhinnie-15-year,dalwhinnie 15 year single malt,"dalwhinnie whisky price, highland single malt scotch, dalwhinnie scotch, single malt scotch whisky, buy dalwhinnie 15 year online"
Scotch,Edradour 10 Year,edradour-10-year,https://caskworth.com/products/edradour-10-year,edradour 10 year single malt,"edradour whisky price, highland single malt scotch, edradour scotch, single malt scotch whisky, buy edradour 10 year online"
Scotch,Glen Scotia Double Cask,glen-scotia-double-cask,https://caskworth.com/products/glen-scotia-double-cask,glen scotia double cask single malt,"glen scotia whisky price, campbeltown single malt scotch, glen scotia scotch, single malt scotch whisky, buy glen scotia double cask online"
Scotch,Glenkinchie 12 Year,glenkinchie-12-year,https://caskworth.com/products/glenkinchie-12-year,glenkinchie 12 year single malt,"glenkinchie whisky price, lowland single malt scotch, glenkinchie scotch, single malt scotch whisky, buy glenkinchie 12 year online"
Scotch,Mortlach 12 Year Wee Witchie,mortlach-12-year-wee-witchie,https://caskworth.com/products/mortlach-12-year-wee-witchie,mortlach 12 year wee witchie,"mortlach whisky price, speyside single malt scotch, mortlach scotch, single malt scotch whisky, buy mortlach 12 year online"
Scotch,Royal Brackla 12 Year,royal-brackla-12-year,https://caskworth.com/products/royal-brackla-12-year,royal brackla 12 year single malt,"royal brackla whisky price, highland single malt scotch, royal brackla scotch, single malt scotch whisky, buy royal brackla 12 year online"
Scotch,Glen Moray Classic,glen-moray-classic,https://caskworth.com/products/glen-moray-classic,glen moray classic single malt,"glen moray whisky price, speyside single malt scotch, glen moray scotch, single malt scotch whisky, buy glen moray classic online"
Scotch,The Famous Grouse,the-famous-grouse,https://caskworth.com/products/the-famous-grouse,famous grouse blended scotch,"famous grouse whisky price, blended scotch whisky, famous grouse scotch, scotch whisky brands, buy famous grouse online"
Scotch,Naked Malt,naked-malt,https://caskworth.com/products/naked-malt,naked malt blended scotch,"naked malt whisky price, blended malt scotch whisky, naked grouse scotch, scotch whisky brands, buy naked malt online"
Scotch,Buchanan's DeLuxe 12 Year,buchanans-deluxe-12-year,https://caskworth.com/products/buchanans-deluxe-12-year,buchanan's deluxe 12 year,"buchanan's whisky price, blended scotch whisky, buchanan's scotch, scotch whisky brands, buy buchanan's deluxe online"
Scotch,Wemyss Spice King 8 Year,wemyss-spice-king-8-year,https://caskworth.com/products/wemyss-spice-king-8-year,wemyss spice king blended malt,"wemyss malts whisky price, blended malt scotch whisky, wemyss scotch, single malt scotch whisky, buy wemyss spice king online"
Scotch,Grant's Ale Cask Finish,grants-ale-cask-finish,https://caskworth.com/products/grants-ale-cask-finish,grant's ale cask finish,"grant's whisky price, blended scotch whisky, grant's scotch, scotch whisky brands, buy grant's ale cask online"
Scotch,The Sassenach Blended Scotch,the-sassenach-blended-scotch,https://caskworth.com/products/the-sassenach-blended-scotch,the sassenach blended scotch,"sassenach whisky price, blended scotch whisky, sassenach scotch, scotch whisky brands, buy the sassenach scotch online"
Scotch,BenRiach 10 Year,benriach-10-year,https://caskworth.com/products/benriach-10-year,benriach 10 year single malt,"benriach whisky price, speyside single malt scotch, benriach scotch, single malt scotch whisky, buy benriach 10 year online"
Scotch,Balvenie 25 Year Old,balvenie-25-year-old,https://caskworth.com/products/balvenie-25-year-old,buy balvenie 25 year old online,"balvenie 25 rare marriages, aged single malt scotch, balvenie 25 price, speyside single malt 25 year, balvenie whisky collector"
Scotch,Glenfarclas 40 Year Old,glenfarclas-40-year-old,https://caskworth.com/products/glenfarclas-40-year-old,buy glenfarclas 40 year old,"glenfarclas 40 price, rare speyside single malt, glenfarclas aged whisky, single malt scotch 40 year, glenfarclas collector bottle"
Scotch,GlenDronach Grandeur 25 Year Old Batch 8,glendronach-grandeur-25-year-old-batch-8,https://caskworth.com/products/glendronach-grandeur-25-year-old-batch-8,glendronach grandeur 25 year old price,"buy glendronach grandeur online, sherry cask single malt scotch, glendronach batch 8, aged highland single malt, rare glendronach whisky"
Scotch,Rosebank Special Release 21 Year Old,rosebank-special-release-21-year-old,https://caskworth.com/products/rosebank-special-release-21-year-old,rosebank 21 year old price,"buy rosebank single malt, closed distillery scotch whisky, rosebank special release, rare lowland single malt, rosebank collector bottle"
Bourbon,Willett Family Estate / Pot Still,willett-bourbon,https://caskworth.com/products/willett-bourbon,willett bourbon,"buy willett online, willett pot still reserve, willett family estate bourbon, willett bourbon price, rare bourbon collection"
Bourbon,High West Bourye / Rendezvous Rye / Campfire,high-west-bourbon,https://caskworth.com/products/high-west-bourbon,high west bourbon,"buy high west online, high west bourye, high west rendezvous rye, high west price, craft bourbon brands"
Bourbon,Booker's Bourbon,bookers-bourbon,https://caskworth.com/products/bookers-bourbon,bookers bourbon,"buy bookers online, bookers bourbon batch, bookers uncut unfiltered, bookers bourbon price, barrel proof bourbon"
Bourbon,Baker's Bourbon,bakers-bourbon,https://caskworth.com/products/bakers-bourbon,bakers bourbon,"buy bakers online, bakers 7 year bourbon, bakers single barrel, bakers bourbon price, small batch bourbon"
Bourbon,Wilderness Trail,wilderness-trail-bourbon,https://caskworth.com/products/wilderness-trail-bourbon,wilderness trail bourbon,"buy wilderness trail online, wilderness trail wheated bourbon, wilderness trail rye, wilderness trail price, new kentucky bourbon distillery"
Bourbon,Widow Jane,widow-jane-bourbon,https://caskworth.com/products/widow-jane-bourbon,widow jane bourbon,"buy widow jane online, widow jane 10 year, widow jane bourbon price, cave aged bourbon, craft bourbon brands"
Bourbon,Belle Meade Bourbon,belle-meade-bourbon,https://caskworth.com/products/belle-meade-bourbon,belle meade bourbon,"buy belle meade online, belle meade sherry cask, belle meade bourbon price, high rye bourbon, tennessee bourbon brands"
Bourbon,Rebel Yell / Rebel 100,rebel-yell-bourbon,https://caskworth.com/products/rebel-yell-bourbon,rebel yell bourbon,"buy rebel yell online, rebel 100 bourbon, wheated bourbon, rebel yell bourbon price, weller alternative bourbon"
Bourbon,1792 Bourbon,1792-bourbon,https://caskworth.com/products/1792-bourbon,1792 bourbon,"buy 1792 online, 1792 small batch, 1792 full proof, 1792 bourbon price, high rye bourbon"
Bourbon,Old Grand-Dad,old-grand-dad-bourbon,https://caskworth.com/products/old-grand-dad-bourbon,old grand dad bourbon,"buy old grand dad online, old grand dad 114, old grand dad bonded, old grand dad price, high rye bourbon"
Bourbon,Ancient Age,ancient-age-bourbon,https://caskworth.com/products/ancient-age-bourbon,ancient age bourbon,"buy ancient age online, ancient age 10 star, ancient age bourbon price, buffalo trace budget bourbon, affordable kentucky bourbon"
Bourbon,Very Old Barton,very-old-barton-bourbon,https://caskworth.com/products/very-old-barton-bourbon,very old barton bourbon,"buy very old barton online, very old barton bottled in bond, very old barton price, affordable kentucky bourbon, hidden gem bourbon"
Bourbon,Ezra Brooks,ezra-brooks-bourbon,https://caskworth.com/products/ezra-brooks-bourbon,ezra brooks bourbon,"buy ezra brooks online, ezra brooks 7 year, ezra brooks bourbon price, affordable kentucky bourbon, hidden gem bourbon"
Bourbon,Redemption Bourbon / High-Rye,redemption-bourbon,https://caskworth.com/products/redemption-bourbon,redemption bourbon,"buy redemption online, redemption high rye bourbon, redemption bourbon price, high rye bourbon, craft bourbon brands"
Bourbon,Bardstown Bourbon Company,bardstown-bourbon-company,https://caskworth.com/products/bardstown-bourbon-company,bardstown bourbon company,"buy bardstown bourbon online, bardstown bourbon company discovery series, bardstown bourbon price, new kentucky bourbon distillery, collaborative bourbon"
Bourbon,New Riff,new-riff-bourbon,https://caskworth.com/products/new-riff-bourbon,new riff bourbon,"buy new riff online, new riff bottled in bond, new riff bourbon price, bottled in bond bourbon, northern kentucky bourbon"
Bourbon,Old Elk,old-elk-bourbon,https://caskworth.com/products/old-elk-bourbon,old elk bourbon,"buy old elk online, old elk wheated bourbon, old elk bourbon price, craft bourbon brands, colorado bourbon"
Bourbon,Smooth Ambler,smooth-ambler-bourbon,https://caskworth.com/products/smooth-ambler-bourbon,smooth ambler bourbon,"buy smooth ambler online, smooth ambler old scout, smooth ambler contradiction, smooth ambler price, craft bourbon brands"
Bourbon,Garrison Brothers,garrison-brothers-bourbon,https://caskworth.com/products/garrison-brothers-bourbon,garrison brothers bourbon,"buy garrison brothers online, garrison brothers small batch, texas bourbon, garrison brothers price, texas bourbon brands"
Bourbon,Balcones,balcones-whiskey,https://caskworth.com/products/balcones-whiskey,balcones whiskey,"buy balcones online, balcones baby blue, balcones texas single malt, balcones price, texas whiskey brands"
Bourbon,Henry McKenna,henry-mckenna-bourbon,https://caskworth.com/products/henry-mckenna-bourbon,henry mckenna bourbon,"buy henry mckenna online, henry mckenna 10 year single barrel, henry mckenna price, bottled in bond bourbon, hidden gem bourbon"
Bourbon,Yellowstone Bourbon,yellowstone-bourbon,https://caskworth.com/products/yellowstone-bourbon,yellowstone bourbon,"buy yellowstone online, yellowstone select, yellowstone limited edition, yellowstone bourbon price, kentucky straight bourbon"
Bourbon,Starlight Distillery Bourbon,starlight-distillery-bourbon,https://caskworth.com/products/starlight-distillery-bourbon,buy starlight distillery bourbon online,"huber's starlight bourbon, carl t huber's bottled in bond, indiana craft bourbon, farm distillery bourbon, starlight bourbon price"
Bourbon,Rabbit Hole Dareringer,rabbit-hole-dareringer,https://caskworth.com/products/rabbit-hole-dareringer,buy rabbit hole dareringer online,"rabbit hole bourbon, sherry cask finished bourbon, rabbit hole founders collection, louisville craft bourbon, dareringer price"
Bourbon,Wyoming Whiskey Small Batch,wyoming-whiskey-small-batch,https://caskworth.com/products/wyoming-whiskey-small-batch,buy wyoming whiskey online,"wyoming whiskey small batch, wyoming whiskey single barrel, western bourbon brands, wyoming straight bourbon, wyoming whiskey price"
Bourbon,Barrell Bourbon,barrell-bourbon,https://caskworth.com/products/barrell-bourbon,buy barrell bourbon online,"barrell bourbon batch, barrell craft spirits, cask strength blended bourbon, numbered batch bourbon, barrell bourbon price"
Bourbon,Stellum Bourbon,stellum-bourbon,https://caskworth.com/products/stellum-bourbon,buy stellum bourbon online,"stellum black bourbon, stellum single barrel, blended bourbon brands, cask strength bourbon blends, stellum bourbon price"
Bourbon,Bardstown Bourbon Co. Origin Series,bardstown-bourbon-co-origin-series,https://caskworth.com/products/bardstown-bourbon-co-origin-series,buy bardstown origin series bourbon online,"bardstown bourbon origin series, bardstown straight bourbon, house distilled kentucky bourbon, bardstown bourbon company, origin series price"
Bourbon,Nulu Bourbon,nulu-bourbon,https://caskworth.com/products/nulu-bourbon,buy nulu bourbon online,"nulu toasted bourbon, nulu single barrel, nulu double oaked bourbon, louisville bourbon brands, nulu bourbon price"
Bourbon,Blade and Bow Bourbon,blade-and-bow-bourbon,https://caskworth.com/products/blade-and-bow-bourbon,buy blade and bow bourbon online,"blade and bow 22 year, blade and bow bourbon whiskey, stitzel weller heritage bourbon, diageo bourbon brands, blade and bow price"
Bourbon,Calumet Farm 12 Year,calumet-farm-12-year,https://caskworth.com/products/calumet-farm-12-year,buy calumet farm bourbon online,"calumet farm 12 year bourbon, calumet single rack black, aged kentucky bourbon, historic bourbon brands, calumet farm bourbon price"
Bourbon,Frey Ranch Bourbon,frey-ranch-bourbon,https://caskworth.com/products/frey-ranch-bourbon,buy frey ranch bourbon online,"frey ranch straight bourbon, frey ranch barrel proof, estate distilled bourbon, nevada craft bourbon, frey ranch bourbon price"
Bourbon,Old Forester 1920 Prohibition Style,old-forester-1920-prohibition-style,https://caskworth.com/products/old-forester-1920-prohibition-style,buy old forester 1920 online,"old forester prohibition style, old forester whiskey row series, high proof bourbon brands, old forester 1920 price, old forester bourbon collection"
Bourbon,Heaven Hill Bottled in Bond 7 Year,heaven-hill-bottled-in-bond-7-year,https://caskworth.com/products/heaven-hill-bottled-in-bond-7-year,buy heaven hill bottled in bond online,"heaven hill 7 year bourbon, heaven hill bottled in bond, value bottled in bond bourbon, kentucky straight bourbon bib, heaven hill bourbon price"
Bourbon,Penelope Bourbon Toasted Series,penelope-bourbon-toasted-series,https://caskworth.com/products/penelope-bourbon-toasted-series,buy penelope bourbon online,"penelope toasted bourbon, penelope four grain bourbon, penelope barrel strength, independent kentucky bourbon brands, penelope bourbon price"
Bourbon,Bib & Tucker 6 Year,bib-and-tucker-6-year,https://caskworth.com/products/bib-and-tucker-6-year,buy bib and tucker bourbon online,"bib and tucker 6 year bourbon, bib and tucker gold roast, small batch bourbon brands, six year bourbon, bib and tucker price"
Bourbon,Wathen's Single Barrel,wathens-single-barrel,https://caskworth.com/products/wathens-single-barrel,buy wathen's single barrel bourbon online,"wathen's bourbon, wathen's single barrel select, single barrel bourbon brands, charles medley distillers, wathen's bourbon price"
Bourbon,Green River Bourbon,green-river-bourbon,https://caskworth.com/products/green-river-bourbon,buy green river bourbon online,"green river full proof bourbon, green river wheated bourbon, owensboro kentucky bourbon, historic bourbon revival brands, green river bourbon price"
Bourbon,Horse Soldier Bourbon,horse-soldier-bourbon,https://caskworth.com/products/horse-soldier-bourbon,buy horse soldier bourbon online,"horse soldier small batch bourbon, horse soldier barrel strength, veteran owned bourbon brands, horse soldier signature bourbon, horse soldier bourbon price"
Bourbon,George Remus Bourbon,george-remus-bourbon,https://caskworth.com/products/george-remus-bourbon,buy george remus bourbon online,"george remus straight bourbon, george remus single barrel, mgp bourbon brands, prohibition era bourbon, george remus bourbon price"
Bourbon,Kentucky Owl Batch 8,kentucky-owl-batch-8,https://caskworth.com/products/kentucky-owl-batch-8,buy kentucky owl batch 8 online,"kentucky owl bourbon price, kentucky owl batch 8 for sale, allocated bourbon buy online, kentucky owl near me, rare kentucky bourbon collection"
Bourbon,Black Maple Hill 16 Year Old Premium Small Batch,black-maple-hill-16-year-old-premium-small-batch,https://caskworth.com/products/black-maple-hill-16-year-old-premium-small-batch,buy black maple hill 16 year online,"black maple hill bourbon price, rare bourbon collection, black maple hill for sale, collectible bourbon investment, cult sourced bourbon brands"
Bourbon,Rabbit Hole Founder's Collection Nevallier 16 Year,rabbit-hole-founders-collection-nevallier-16-year,https://caskworth.com/products/rabbit-hole-founders-collection-nevallier-16-year,buy rabbit hole nevallier online,"rabbit hole nevallier price, rabbit hole founder's collection for sale, limited edition bourbon buy online, nevallier bourbon review, rabbit hole rare bottles"
Bourbon,Jefferson's Presidential Select 17 Year,jeffersons-presidential-select-17-year,https://caskworth.com/products/jeffersons-presidential-select-17-year,buy jefferson's presidential select 17 year online,"jefferson's presidential select price, stitzel-weller bourbon for sale, allocated wheated bourbon buy online, jefferson's rare bourbon, presidential select 17 year review"
Bourbon,Blue Run Single Barrel Cask Strength 13.5 Year,blue-run-single-barrel-cask-strength-135-year,https://caskworth.com/products/blue-run-single-barrel-cask-strength-135-year,buy blue run single barrel cask strength online,"blue run bourbon price, blue run 13 year for sale, allocated bourbon buy online, blue run spirits rare release, cask strength bourbon collectors"
Allocated,A.H. Hirsch Reserve,ah-hirsch-reserve-bourbon,https://caskworth.com/products/ah-hirsch-reserve-bourbon,ah hirsch reserve bourbon,"buy ah hirsch online, ah hirsch reserve price, rare discontinued bourbon, collector bourbon bottles, vintage bourbon investment"
Allocated,Willett Family Estate Single Barrel,willett-family-estate-single-barrel,https://caskworth.com/products/willett-family-estate-single-barrel,willett family estate single barrel,"buy willett single barrel online, willett family estate price, allocated bourbon, rare bourbon collection, willett bourbon barrel proof"
Allocated,Elmer T. Lee Single Barrel,elmer-t-lee-bourbon,https://caskworth.com/products/elmer-t-lee-bourbon,elmer t lee bourbon,"buy elmer t lee online, elmer t lee single barrel price, buffalo trace allocated bourbon, rare bourbon collection, allocated bourbon buy online"
Allocated,Rock Hill Farms,rock-hill-farms-bourbon,https://caskworth.com/products/rock-hill-farms-bourbon,rock hill farms bourbon,"buy rock hill farms online, rock hill farms single barrel price, buffalo trace allocated bourbon, rare bourbon collection, allocated bourbon buy online"
Allocated,W.L. Weller 12 Year,weller-12-year-bourbon,https://caskworth.com/products/weller-12-year-bourbon,weller 12 year bourbon,"buy weller 12 year online, weller 12 year price, wheated bourbon allocated, weller cypb, rare wheated bourbon"
Allocated,Weller Antique 107,weller-antique-107,https://caskworth.com/products/weller-antique-107,weller antique 107,"buy weller antique 107 online, weller antique 107 price, wheated bourbon allocated, weller bourbon lineup, rare wheated bourbon"
Allocated,Colonel E.H. Taylor Single Barrel / Barrel Proof,eh-taylor-single-barrel-bourbon,https://caskworth.com/products/eh-taylor-single-barrel-bourbon,eh taylor single barrel bourbon,"buy eh taylor single barrel online, eh taylor barrel proof price, eh taylor collection, allocated bourbon buy online, buffalo trace antique collection"
Allocated,Orphan Barrel Series,orphan-barrel-whiskey,https://caskworth.com/products/orphan-barrel-whiskey,orphan barrel whiskey,"buy orphan barrel online, orphan barrel barterhouse, orphan barrel price, rare discovered barrel whiskey, allocated whiskey buy online"
Allocated,Old Carter Whiskey Co.,old-carter-whiskey,https://caskworth.com/products/old-carter-whiskey,old carter whiskey,"buy old carter online, old carter batch price, allocated bourbon buy online, rare sourced whiskey, old carter rye"
Allocated,Four Roses Limited Edition Single Barrel,four-roses-limited-edition-single-barrel,https://caskworth.com/products/four-roses-limited-edition-single-barrel,four roses limited edition single barrel,"buy four roses single barrel online, four roses le price, four roses allocated release, rare bourbon collection, four roses annual release"
Allocated,Very Olde St. Nick 15 Year Ancient Cask,very-olde-st-nick-15-year-ancient-cask,https://caskworth.com/products/very-olde-st-nick-15-year-ancient-cask,buy very olde st nick bourbon online,"very olde st nick 15 year, very olde st nick ancient cask, rare aged bourbon brands, allocated bourbon buy online, very olde st nick price"
Allocated,Booker's Annual Batch 2026-01,bookers-annual-batch-2026-01,https://caskworth.com/products/bookers-annual-batch-2026-01,buy booker's annual batch bourbon online,"booker's batch bourbon, booker's limited batch, cask strength allocated bourbon, booker's bourbon named batch, booker's batch price"
Allocated,Old Rip Van Winkle 10 Year,old-rip-van-winkle-10-year,https://caskworth.com/products/old-rip-van-winkle-10-year,buy old rip van winkle 10 year online,"old rip van winkle 10 year bourbon, van winkle lottery bourbon, pappy van winkle family bourbon, allocated bourbon buy online, old rip van winkle price"
Allocated,Jefferson's Ocean Aged at Sea,jeffersons-ocean-aged-at-sea,https://caskworth.com/products/jeffersons-ocean-aged-at-sea,buy jefferson's ocean bourbon online,"jefferson's ocean aged at sea, jefferson's ocean voyage bourbon, unique aging process bourbon, allocated bourbon buy online, jefferson's ocean price"
Allocated,Michter's Bomberger's Declaration,michters-bombergers-declaration,https://caskworth.com/products/michters-bombergers-declaration,buy michter's bomberger's declaration online,"bomberger's declaration bourbon, michter's limited release bourbon, single lot bourbon, allocated bourbon buy online, bomberger's declaration price"
Allocated,Rare Character Obliteration 14 Year Bourbon,rare-character-obliteration-14-year-bourbon,https://caskworth.com/products/rare-character-obliteration-14-year-bourbon,buy rare character obliteration online,"rare character whiskey price, obliteration bourbon for sale, lottery bourbon allocation, rare character secondary market, cult bourbon collectors"
Allocated,Boone County 1833 12 Year Single Barrel Bourbon,boone-county-1833-12-year-single-barrel-bourbon,https://caskworth.com/products/boone-county-1833-12-year-single-barrel-bourbon,buy boone county 1833 12 year online,"boone county distilling price, single barrel bourbon for sale, allocated bourbon buy online, boone county rare bottles, craft bourbon collectors"
Allocated,Rabbit Hole Founder's Collection Mizunara Cask Strength,rabbit-hole-founders-collection-mizunara-cask-strength,https://caskworth.com/products/rabbit-hole-founders-collection-mizunara-cask-strength,buy rabbit hole mizunara online,"rabbit hole mizunara price, japanese oak bourbon for sale, cask strength bourbon buy online, rabbit hole founder's collection rare, mizunara bourbon review"
Allocated,Kentucky Owl Batch 7 Straight Bourbon,kentucky-owl-batch-7-straight-bourbon,https://caskworth.com/products/kentucky-owl-batch-7-straight-bourbon,buy kentucky owl batch 7 online,"kentucky owl batch 7 price, kentucky owl bourbon for sale, allocated bourbon collection, kentucky owl secondary market, rare bardstown bourbon"
Allocated,Black Maple Hill Premium Small Batch,black-maple-hill-premium-small-batch,https://caskworth.com/products/black-maple-hill-premium-small-batch,buy black maple hill bourbon online,"black maple hill price, cult bourbon for sale, rare small batch bourbon, black maple hill secondary market, collectible whiskey investment"
Rye,Old Overholt Extra Aged Cask Strength 11 Year,old-overholt-rye-whiskey,https://caskworth.com/products/old-overholt-rye-whiskey,old overholt rye whiskey,"buy old overholt online, old overholt cask strength 11 year, old overholt price, straight rye whiskey, historic rye whiskey brands"
Rye,High West Double Rye,high-west-double-rye,https://caskworth.com/products/high-west-double-rye,high west double rye,"buy high west double rye online, high west rye price, high west rendezvous rye, craft rye whiskey, rye whiskey for cocktails"
Rye,Templeton Rye,templeton-rye-whiskey,https://caskworth.com/products/templeton-rye-whiskey,templeton rye whiskey,"buy templeton rye online, templeton rye 4 year, templeton rye price, straight rye whiskey, prohibition style rye"
Rye,Redemption Rye,redemption-rye-whiskey,https://caskworth.com/products/redemption-rye-whiskey,redemption rye whiskey,"buy redemption rye online, redemption rye price, straight rye whiskey, craft rye whiskey brands, rye whiskey for cocktails"
Rye,Dad's Hat,dads-hat-rye-whiskey,https://caskworth.com/products/dads-hat-rye-whiskey,dads hat rye whiskey,"buy dads hat online, dads hat pennsylvania rye, dads hat price, pennsylvania rye whiskey, craft rye whiskey brands"
Rye,James E. Pepper 1776,james-e-pepper-rye-whiskey,https://caskworth.com/products/james-e-pepper-rye-whiskey,james e pepper rye whiskey,"buy james e pepper online, james e pepper 1776 rye, james e pepper price, straight rye whiskey, historic rye whiskey brands"
Rye,Woodford Reserve Rye,woodford-reserve-rye,https://caskworth.com/products/woodford-reserve-rye,woodford reserve rye,"buy woodford reserve rye online, woodford reserve rye price, straight rye whiskey, woodford reserve lineup, kentucky straight rye whiskey"
Rye,Pikesville Rye,pikesville-rye-whiskey,https://caskworth.com/products/pikesville-rye-whiskey,pikesville rye whiskey,"buy pikesville online, pikesville bottled in bond rye, pikesville price, bottled in bond rye whiskey, hidden gem rye whiskey"
Rye,Jack Daniel's Rye,jack-daniels-rye-whiskey,https://caskworth.com/products/jack-daniels-rye-whiskey,jack daniels rye whiskey,"buy jack daniels rye online, jack daniels rye price, tennessee rye whiskey, jack daniels lineup, straight rye whiskey"
Rye,Wild Turkey Rye 101,wild-turkey-rye-101,https://caskworth.com/products/wild-turkey-rye-101,wild turkey rye 101,"buy wild turkey rye online, wild turkey rye 101 price, kentucky straight rye whiskey, wild turkey lineup, rye whiskey for cocktails"
Rye,Russell's Reserve Rye,russells-reserve-rye-whiskey,https://caskworth.com/products/russells-reserve-rye-whiskey,russells reserve rye whiskey,"buy russells reserve rye online, russells reserve 6 year rye, russells reserve price, premium rye whiskey, wild turkey lineup"
Rye,Knob Creek Rye,knob-creek-rye-whiskey,https://caskworth.com/products/knob-creek-rye-whiskey,knob creek rye whiskey,"buy knob creek rye online, knob creek rye price, straight rye whiskey, knob creek lineup, small batch rye whiskey"
Rye,Sagamore Spirit Straight Rye,sagamore-spirit-straight-rye,https://caskworth.com/products/sagamore-spirit-straight-rye,buy sagamore spirit rye online,"sagamore spirit straight rye, sagamore rye whiskey, maryland style rye, double oak rye whiskey, sagamore spirit price"
Rye,Rabbit Hole Boxergrail,rabbit-hole-boxergrail,https://caskworth.com/products/rabbit-hole-boxergrail,buy rabbit hole boxergrail online,"rabbit hole boxergrail rye, rabbit hole rye whiskey, cask strength rye brands, kentucky straight rye, boxergrail price"
Rye,Catoctin Creek Roundstone Rye,catoctin-creek-roundstone-rye,https://caskworth.com/products/catoctin-creek-roundstone-rye,buy catoctin creek roundstone rye online,"catoctin creek rye whiskey, roundstone rye cask proof, virginia craft rye, organic rye whiskey, catoctin creek price"
Rye,Old Forester Rye,old-forester-rye,https://caskworth.com/products/old-forester-rye,buy old forester rye online,"old forester rye 100 proof, old forester single barrel rye, brown forman rye whiskey, kentucky straight rye brands, old forester rye price"
Rye,Peerless Straight Rye,peerless-straight-rye,https://caskworth.com/products/peerless-straight-rye,buy peerless straight rye online,"peerless kentucky straight rye, peerless rye barrel select, small batch rye brands, non chill filtered rye, peerless rye price"
Rye,FEW Rye Whiskey,few-rye-whiskey,https://caskworth.com/products/few-rye-whiskey,buy few rye whiskey online,"few spirits rye, few single barrel rye, illinois craft rye whiskey, craft rye brands, few rye price"
Rye,Journeyman Ravenswood Rye,journeyman-ravenswood-rye,https://caskworth.com/products/journeyman-ravenswood-rye,buy journeyman ravenswood rye online,"journeyman distillery rye, ravenswood rye whiskey, michigan craft rye, wheat rye whiskey blend, journeyman rye price"
Rye,Old Carter Straight Rye,old-carter-straight-rye,https://caskworth.com/products/old-carter-straight-rye,buy old carter rye online,"old carter straight rye whiskey, old carter barrel strength rye, allocated rye buy online, high proof rye whiskey, old carter rye price"
Rye,Kentucky Owl Rye Batch 1,kentucky-owl-rye-batch-1,https://caskworth.com/products/kentucky-owl-rye-batch-1,buy kentucky owl rye batch 1 online,"kentucky owl 11 year rye price, kentucky owl rye for sale, rare rye whiskey buy online, kentucky owl rye batch review, allocated rye whiskey collection"
Rye,Kentucky Owl Mardi Gras X.O. Cask Rye,kentucky-owl-mardi-gras-xo-cask-rye,https://caskworth.com/products/kentucky-owl-mardi-gras-xo-cask-rye,buy kentucky owl mardi gras rye online,"kentucky owl mardi gras xo price, limited edition rye for sale, rare rye whiskey buy online, kentucky owl rye collectors, mardi gras cask rye review"
Rye,Thomas H. Handy Sazerac Rye,thomas-h-handy-sazerac-rye,https://caskworth.com/products/thomas-h-handy-sazerac-rye,buy thomas h handy rye online,"thomas h handy price, buffalo trace antique collection rye, allocated rye whiskey buy online, thomas h handy secondary market, rare barrel proof rye"
Rye,Chicken Cock Cotton Club 20 Year Rye,chicken-cock-cotton-club-20-year-rye,https://caskworth.com/products/chicken-cock-cotton-club-20-year-rye,buy chicken cock cotton club rye online,"chicken cock 20 year price, rare aged rye whiskey, chicken cock cotton club for sale, collectible rye whiskey buy online, chicken cock rye review"
Cognac,Tesseron Cognac,tesseron-cognac,https://caskworth.com/products/tesseron-cognac,tesseron cognac,"buy tesseron online, tesseron lot 76, tesseron xo price, rare cognac collection, luxury cognac brands"
Cognac,Léopold Gourmel,leopold-gourmel-cognac,https://caskworth.com/products/leopold-gourmel-cognac,leopold gourmel cognac,"buy leopold gourmel online, leopold gourmel age du fruit, leopold gourmel price, independent cognac house, fine champagne cognac"
Cognac,Ragnaud-Sabourin,ragnaud-sabourin-cognac,https://caskworth.com/products/ragnaud-sabourin-cognac,ragnaud sabourin cognac,"buy ragnaud sabourin online, ragnaud sabourin grande champagne, ragnaud sabourin price, grower cognac, grande champagne cognac"
Cognac,Otard,otard-cognac,https://caskworth.com/products/otard-cognac,otard cognac,"buy otard online, otard vsop, otard xo price, historic cognac house, cognac brands"
Cognac,Godet,godet-cognac,https://caskworth.com/products/godet-cognac,godet cognac,"buy godet online, godet vsop, godet xo price, independent cognac house, cognac brands"
Cognac,Meukow,meukow-cognac,https://caskworth.com/products/meukow-cognac,meukow cognac,"buy meukow online, meukow vs, meukow price, cognac brands, vsop cognac"
Cognac,Lhéraud,lheraud-cognac,https://caskworth.com/products/lheraud-cognac,lheraud cognac,"buy lheraud online, lheraud cognac price, grower cognac, rare cognac collection, grande champagne cognac"
Cognac,Dupuy,dupuy-cognac,https://caskworth.com/products/dupuy-cognac,dupuy cognac,"buy dupuy online, dupuy vsop, dupuy xo price, cognac brands, vsop cognac"
Cognac,Gautier Cognac,gautier-cognac,https://caskworth.com/products/gautier-cognac,gautier cognac,"buy gautier online, gautier vsop, gautier xo price, historic cognac house, cognac brands"
Cognac,ABK6,abk6-cognac,https://caskworth.com/products/abk6-cognac,abk6 cognac,"buy abk6 online, abk6 vsop, abk6 xo price, modern cognac brands, cognac brands"
Cognac,Normandin-Mercier,normandin-mercier-cognac,https://caskworth.com/products/normandin-mercier-cognac,normandin mercier cognac,"buy normandin mercier online, normandin mercier cognac price, grower cognac, rare cognac collection, grande champagne cognac"
Cognac,Vallein Tercinier,vallein-tercinier-cognac,https://caskworth.com/products/vallein-tercinier-cognac,vallein tercinier cognac,"buy vallein tercinier online, vallein tercinier cognac price, grower cognac, petite champagne cognac, rare cognac collection"
Cognac,Larsen VSOP,larsen-vsop,https://caskworth.com/products/larsen-vsop,buy larsen cognac online,"larsen vsop cognac, larsen viking ship cognac, vsop cognac price, larsen cognac price, danish cognac house"
Cognac,Prunier VSOP Grande Champagne,prunier-vsop-grande-champagne,https://caskworth.com/products/prunier-vsop-grande-champagne,buy prunier cognac online,"prunier vsop grande champagne, grande champagne cognac, prunier cognac price, historic cognac house, 1701 cognac house"
Cognac,Croizet VSOP,croizet-vsop,https://caskworth.com/products/croizet-vsop,buy croizet cognac online,"croizet vsop cognac, croizet grande champagne 1er cru, croizet cognac price, croizet 1928 cognac, premier cru cognac"
Cognac,Merlet VSOP,merlet-vsop,https://caskworth.com/products/merlet-vsop,buy merlet cognac online,"merlet vsop cognac, merlet cognac price, affordable vsop cognac, family owned cognac house, merlet fine champagne"
Cognac,A.E. Dor VSOP Fine Champagne,ae-dor-vsop-fine-champagne,https://caskworth.com/products/ae-dor-vsop-fine-champagne,buy a.e. dor cognac online,"a.e. dor vsop cognac, fine champagne cognac, a.e. dor cognac price, rare aged cognac, a.e. dor no. 6 cognac"
Cognac,Renault VSOP Carte Noire,renault-vsop-carte-noire,https://caskworth.com/products/renault-vsop-carte-noire,buy renault cognac online,"renault vsop carte noire, renault cognac price, historic cognac trading house, carte noire cognac, renault xo cognac"
Cognac,Bache-Gabrielsen VSOP Pure & Rustic,bache-gabrielsen-vsop-pure-and-rustic,https://caskworth.com/products/bache-gabrielsen-vsop-pure-and-rustic,buy bache-gabrielsen cognac online,"bache-gabrielsen vsop cognac, pure and rustic cognac, bache-gabrielsen cognac price, norwegian cognac house, natural cognac no dosage"
Cognac,Grosperrin 18 Year Old,grosperrin-18-year-old,https://caskworth.com/products/grosperrin-18-year-old,buy grosperrin cognac online,"grosperrin 18 year cognac, independent bottler cognac, grosperrin cognac price, single cask cognac, grower producer cognac"
Cognac,Hardy Noces d'Or Sublime 50 Year Old,hardy-noces-dor-sublime-50-year-old,https://caskworth.com/products/hardy-noces-dor-sublime-50-year-old,hardy noces d'or cognac,"buy hardy 50 year cognac, hardy noces d'or price, rare 50 year old cognac, hardy cognac collector bottle, fine champagne cognac 50 year"
Cognac,JCB XO Grande Champagne Cognac,jcb-xo-grande-champagne-cognac,https://caskworth.com/products/jcb-xo-grande-champagne-cognac,jcb xo cognac,"buy jcb grande champagne cognac, jean-charles boisset cognac price, jcb xo review, celebrity winemaker cognac, rare grande champagne xo"
Cognac,Scotch Malt Whisky Society Cognac Nectar Céleste,scotch-malt-whisky-society-cognac-nectar-celeste,https://caskworth.com/products/scotch-malt-whisky-society-cognac-nectar-celeste,smws cognac nectar celeste,"buy smws cognac online, scotch malt whisky society cognac, ile de re cask cognac, smws c1 nectar celeste price, rare single cask cognac"
Cognac,François Voyer Hors d'Âge Grande Champagne Cognac,francois-voyer-hors-dage-grande-champagne-cognac,https://caskworth.com/products/francois-voyer-hors-dage-grande-champagne-cognac,francois voyer hors d'age cognac,"buy francois voyer cognac, voyer grande champagne price, hors d'age cognac grower producer, rare grande champagne cognac, francois voyer review"
Cognac,L. de Salignac Fine Champagne Extra Cognac 50 Year Old,l-de-salignac-fine-champagne-extra-cognac-50-year-old,https://caskworth.com/products/l-de-salignac-fine-champagne-extra-cognac-50-year-old,salignac 50 year cognac,"buy salignac vintage cognac, l de salignac price, 1960s vintage cognac, 50 year old fine champagne extra, rare vintage cognac bottle"
Canadian,Lot No. 40,lot-no-40-canadian-whisky,https://caskworth.com/products/lot-no-40-canadian-whisky,lot no 40 canadian whisky,"buy lot no 40 online, lot 40 canadian rye, lot no 40 price, 100% rye canadian whisky, premium canadian whisky"
Canadian,Gooderham & Worts,gooderham-and-worts-canadian-whisky,https://caskworth.com/products/gooderham-and-worts-canadian-whisky,gooderham and worts canadian whisky,"buy gooderham and worts online, gooderham and worts four grain, gooderham and worts price, premium canadian whisky, canadian whisky brands"
Canadian,Caribou Crossing,caribou-crossing-canadian-whisky,https://caskworth.com/products/caribou-crossing-canadian-whisky,caribou crossing canadian whisky,"buy caribou crossing online, caribou crossing single barrel, caribou crossing price, single barrel canadian whisky, rare canadian whisky"
Canadian,Pendleton,pendleton-canadian-whisky,https://caskworth.com/products/pendleton-canadian-whisky,pendleton canadian whisky,"buy pendleton online, pendleton 1910, pendleton whisky price, smooth canadian whisky, canadian whisky brands"
Canadian,Canadian Mist,canadian-mist-whisky,https://caskworth.com/products/canadian-mist-whisky,canadian mist whisky,"buy canadian mist online, canadian mist price, affordable canadian whisky, canadian whisky brands, everyday canadian whisky"
Canadian,Black Velvet,black-velvet-canadian-whisky,https://caskworth.com/products/black-velvet-canadian-whisky,black velvet canadian whisky,"buy black velvet online, black velvet reserve, black velvet price, affordable canadian whisky, canadian whisky brands"
Canadian,Seagram's VO,seagrams-vo-canadian-whisky,https://caskworth.com/products/seagrams-vo-canadian-whisky,seagrams vo canadian whisky,"buy seagrams vo online, seagrams vo price, classic canadian whisky, canadian whisky brands, affordable canadian whisky"
Canadian,Gibson's Finest,gibsons-finest-canadian-whisky,https://caskworth.com/products/gibsons-finest-canadian-whisky,gibsons finest canadian whisky,"buy gibsons finest online, gibsons finest rare 12 year, gibsons finest price, premium canadian whisky, canadian whisky brands"
Canadian,Two Brewers,two-brewers-whisky,https://caskworth.com/products/two-brewers-whisky,two brewers whisky,"buy two brewers online, two brewers yukon single malt, two brewers price, canadian single malt whisky, craft canadian whisky"
Canadian,J.P. Wiser's Legacy,jp-wisers-legacy-canadian-whisky,https://caskworth.com/products/jp-wisers-legacy-canadian-whisky,jp wisers legacy canadian whisky,"buy jp wisers legacy online, jp wisers legacy price, premium canadian whisky, jp wisers lineup, canadian whisky awards winner"
Canadian,Wayne Gretzky No.99 Red Cask,wayne-gretzky-no99-red-cask,https://caskworth.com/products/wayne-gretzky-no99-red-cask,buy wayne gretzky whisky online,"wayne gretzky red cask whisky, wayne gretzky no 99 whisky, premium canadian whisky, red wine cask finished whisky, wayne gretzky whisky price"
Canadian,Masterson's 10 Year Straight Rye,mastersons-10-year-straight-rye,https://caskworth.com/products/mastersons-10-year-straight-rye,buy masterson's rye online,"masterson's 10 year rye, straight rye whiskey canada, aged canadian rye whisky, masterson's whiskey price, premium canadian rye"
Canadian,Dillon's Small Batch Rye,dillons-small-batch-rye,https://caskworth.com/products/dillons-small-batch-rye,buy dillon's rye whisky online,"dillon's small batch distillers, ontario craft rye whisky, canadian craft whisky, dillon's rye whisky price, small batch canadian rye"
Canadian,Eau Claire Distillery Rupert's Whisky,eau-claire-distillery-ruperts-whisky,https://caskworth.com/products/eau-claire-distillery-ruperts-whisky,buy eau claire distillery whisky online,"rupert's exceptional canadian whisky, alberta craft whisky, eau claire whisky price, canadian craft distillery whisky, award winning canadian whisky"
Canadian,J.P. Wiser's Deluxe,jp-wisers-deluxe,https://caskworth.com/products/jp-wisers-deluxe,buy jp wiser's deluxe online,"jp wiser's deluxe whisky, wiser's deluxe price, blended canadian whisky, gold medal canadian whisky, jp wiser's whisky online"
Canadian,Okanagan Spirits Laird of Fintry,okanagan-spirits-laird-of-fintry,https://caskworth.com/products/okanagan-spirits-laird-of-fintry,buy laird of fintry whisky online,"okanagan spirits single malt, laird of fintry rum barrel, bc craft single malt whisky, laird of fintry price, canadian single malt whisky"
Canadian,Rare Hare Lucky Bastard 30 Year Canadian Whiskey,rare-hare-lucky-bastard-30-year-canadian-whiskey,https://caskworth.com/products/rare-hare-lucky-bastard-30-year-canadian-whiskey,rare hare lucky bastard whiskey,"buy rare hare 30 year online, playboy spirits whiskey, lucky bastard canadian whiskey price, 30 year canadian rye whiskey, rare hare whiskey review"
Canadian,Barrell Craft Spirits Seagrass Gold Label 20 Year Old Canadian Rye,barrell-craft-spirits-seagrass-gold-label-20-year-old-canadian-rye,https://caskworth.com/products/barrell-craft-spirits-seagrass-gold-label-20-year-old-canadian-rye,barrell craft spirits seagrass gold,"barrell seagrass 20 year price, buy barrell canadian rye online, barrell craft spirits limited edition, gold label rye whiskey review, barrell seagrass tasting notes"
Canadian,Chicken Cock Cotton Club 20 Year Old Canadian Rye Whiskey,chicken-cock-cotton-club-20-year-old-canadian-rye-whiskey,https://caskworth.com/products/chicken-cock-cotton-club-20-year-old-canadian-rye-whiskey,chicken cock cotton club rye,"chicken cock 20 year price, buy chicken cock whiskey online, prohibition canadian rye whiskey, cotton club whiskey review, rare canadian rye 20 year"
Canadian,Found North Peregrine First Flight 21 Year Old Cask Strength,found-north-peregrine-first-flight-21-year-old-cask-strength,https://caskworth.com/products/found-north-peregrine-first-flight-21-year-old-cask-strength,found north peregrine whisky,"found north 21 year price, buy found north canadian whisky, peregrine first flight cask strength, found north secondary market, rare canadian blended whisky"
Canadian,Orphan Barrel Entrapment 25 Year Old Canadian Whisky,orphan-barrel-entrapment-25-year-old-canadian-whisky,https://caskworth.com/products/orphan-barrel-entrapment-25-year-old-canadian-whisky,orphan barrel entrapment whisky,"orphan barrel entrapment price, buy orphan barrel canadian whisky, entrapment 25 year review, discontinued orphan barrel whiskey, rare diageo whisky series"
Brandy,Korbel Brandy,korbel-brandy,https://caskworth.com/products/korbel-brandy,korbel brandy,"buy korbel online, korbel california brandy, korbel brandy price, american brandy buy online, best selling brandy usa"
Brandy,Presidente Brandy,presidente-brandy,https://caskworth.com/products/presidente-brandy,presidente brandy,"buy presidente online, presidente brandy price, dominican brandy, latin american brandy, brandy buy online"
Brandy,Metaxa,metaxa-brandy,https://caskworth.com/products/metaxa-brandy,metaxa brandy,"buy metaxa online, metaxa 12 stars, metaxa price, greek brandy, brandy buy online"
Brandy,Asbach Uralt,asbach-brandy,https://caskworth.com/products/asbach-brandy,asbach brandy,"buy asbach online, asbach uralt price, german brandy, brandy buy online, european brandy brands"
Brandy,Boulard Calvados,boulard-calvados,https://caskworth.com/products/boulard-calvados,boulard calvados,"buy boulard online, boulard grand solage, boulard calvados price, normandy calvados, calvados apple brandy"
Brandy,Marquis de Montesquiou,marquis-de-montesquiou-armagnac,https://caskworth.com/products/marquis-de-montesquiou-armagnac,marquis de montesquiou armagnac,"buy marquis de montesquiou online, marquis de montesquiou vsop, marquis de montesquiou price, bas armagnac, armagnac brands"
Brandy,Baron de Sigognac,baron-de-sigognac-armagnac,https://caskworth.com/products/baron-de-sigognac-armagnac,baron de sigognac armagnac,"buy baron de sigognac online, baron de sigognac vsop, baron de sigognac price, vintage armagnac, bas armagnac"
Brandy,Larressingle,larressingle-armagnac,https://caskworth.com/products/larressingle-armagnac,larressingle armagnac,"buy larressingle online, larressingle vsop, larressingle price, bas armagnac, armagnac brands"
Brandy,Germain-Robin,germain-robin-brandy,https://caskworth.com/products/germain-robin-brandy,germain robin brandy,"buy germain robin online, germain robin alambic brandy, germain robin price, american craft brandy, california brandy"
Brandy,Coeur de Lion Calvados,coeur-de-lion-calvados,https://caskworth.com/products/coeur-de-lion-calvados,coeur de lion calvados,"buy coeur de lion online, coeur de lion vsop calvados, coeur de lion price, normandy calvados, calvados apple brandy"
Brandy,Gran Duque d'Alba,gran-duque-de-alba-brandy,https://caskworth.com/products/gran-duque-de-alba-brandy,gran duque de alba brandy,"buy gran duque de alba online, gran duque de alba solera gran reserva, gran duque de alba price, brandy de jerez, spanish brandy"
Brandy,Lepanto Brandy de Jerez,lepanto-brandy,https://caskworth.com/products/lepanto-brandy,lepanto brandy,"buy lepanto online, lepanto gran reserva, lepanto price, brandy de jerez, spanish brandy"
Brandy,Fundador Brandy,fundador-brandy,https://caskworth.com/products/fundador-brandy,buy fundador brandy online,"fundador solera reserva, brandy de jerez, fundador brandy price, spanish brandy, pedro domecq brandy"
Brandy,Carlos I Brandy de Jerez,carlos-i-brandy-de-jerez,https://caskworth.com/products/carlos-i-brandy-de-jerez,buy carlos i brandy online,"carlos i solera gran reserva, brandy de jerez premium, carlos i brandy price, spanish sherry cask brandy, carlos i xo brandy"
Brandy,Darroze Bas Armagnac,darroze-bas-armagnac,https://caskworth.com/products/darroze-bas-armagnac,buy darroze armagnac online,"darroze bas armagnac, vintage bas armagnac, darroze armagnac price, single domaine armagnac, darroze cognac collection"
Brandy,Domaine Boingnères Armagnac,domaine-boingneres-armagnac,https://caskworth.com/products/domaine-boingneres-armagnac,buy domaine boingneres armagnac online,"domaine boingneres bas armagnac, folle blanche armagnac, domaine boingneres price, biodynamic armagnac, single estate armagnac"
Brandy,Roger Groult Calvados,roger-groult-calvados,https://caskworth.com/products/roger-groult-calvados,buy roger groult calvados online,"roger groult pays d'auge calvados, roger groult calvados price, sherry cask calvados, premium calvados, roger groult xo calvados"
Brandy,Domfront Calvados,domfront-calvados,https://caskworth.com/products/domfront-calvados,buy domfront calvados online,"domfrontais vsop calvados, calvados domfront aoc, domfront calvados price, pear calvados domfrontais, lemorton calvados"
Brandy,Copper & Kings American Craft Brandy,copper-and-kings-american-craft-brandy,https://caskworth.com/products/copper-and-kings-american-craft-brandy,buy copper and kings brandy online,"copper and kings american brandy, kentucky craft brandy, copper and kings brandy price, american pot still brandy, craft grape brandy"
Brandy,St. George Spirits Pear Brandy,st-george-spirits-pear-brandy,https://caskworth.com/products/st-george-spirits-pear-brandy,buy st george spirits brandy online,"st george pear brandy eau de vie, california craft brandy, st george brandy price, american eau de vie brandy, craft fruit brandy"
Brandy,Ararat Erebuni 30 Year Old Armenian Brandy,ararat-erebuni-30-year-old-armenian-brandy,https://caskworth.com/products/ararat-erebuni-30-year-old-armenian-brandy,ararat erebuni 30 year brandy,"buy ararat armenian brandy, erebuni 30 year price, armenian brandy collector bottle, ararat brandy review, rare 30 year brandy"
Brandy,BHAKTA 1962 Single-Vintage Armagnac,bhakta-1962-single-vintage-armagnac,https://caskworth.com/products/bhakta-1962-single-vintage-armagnac,bhakta 1962 armagnac,"buy bhakta vintage armagnac, bhakta armagnac price, single vintage 1962 armagnac, rare armagnac collector bottle, bhakta spirits review"
Brandy,Baron de Lustrac Bas-Armagnac 40 Year Old,baron-de-lustrac-bas-armagnac-40-year-old,https://caskworth.com/products/baron-de-lustrac-bas-armagnac-40-year-old,baron de lustrac 40 year armagnac,"buy baron de lustrac armagnac, 40 year bas armagnac price, rare aged armagnac, baron de lustrac review, vintage bas armagnac collector"
Brandy,L'Encantada 1973 Brut de Fût Bas-Armagnac,lencantada-1973-brut-de-fut-bas-armagnac,https://caskworth.com/products/lencantada-1973-brut-de-fut-bas-armagnac,l'encantada 1973 armagnac,"buy l'encantada armagnac online, 1973 vintage armagnac price, single cask bas armagnac, rare armagnac independent bottler, brut de fut armagnac"
Brandy,Château de Lacaze 1982 Hallmark Collection Bas-Armagnac,chateau-de-lacaze-1982-hallmark-collection-bas-armagnac,https://caskworth.com/products/chateau-de-lacaze-1982-hallmark-collection-bas-armagnac,chateau de lacaze 1982 armagnac,"buy chateau de lacaze armagnac, 1982 vintage armagnac price, hallmark collection bas armagnac, rare vintage armagnac bottle, aged single vintage armagnac"
Japanese,Chichibu Ichiro's Malt,chichibu-whisky,https://caskworth.com/products/chichibu-whisky,chichibu whisky,"buy chichibu online, ichiro's malt chichibu, chichibu single malt price, rare japanese whisky, chichibu card series"
Japanese,Mars Shinshu Komagatake,mars-shinshu-whisky,https://caskworth.com/products/mars-shinshu-whisky,mars shinshu whisky,"buy mars shinshu online, mars komagatake, mars whisky price, japanese single malt whisky, mountain distillery whisky"
Japanese,Miyagikyo,miyagikyo-whisky,https://caskworth.com/products/miyagikyo-whisky,miyagikyo whisky,"buy miyagikyo online, nikka miyagikyo single malt, miyagikyo price, japanese single malt whisky, nikka whisky lineup"
Japanese,Fuji Whisky,fuji-whisky,https://caskworth.com/products/fuji-whisky,fuji whisky,"buy fuji whisky online, fuji single grain whisky, fuji whisky price, japanese whisky brands, kirin whisky"
Japanese,Akashi White Oak,akashi-whisky,https://caskworth.com/products/akashi-whisky,akashi whisky,"buy akashi online, akashi white oak whisky, akashi whisky price, affordable japanese whisky, japanese whisky brands"
Japanese,Kurayoshi,kurayoshi-whisky,https://caskworth.com/products/kurayoshi-whisky,kurayoshi whisky,"buy kurayoshi online, kurayoshi pure malt, kurayoshi whisky price, affordable japanese whisky, japanese whisky brands"
Japanese,Togouchi,togouchi-whisky,https://caskworth.com/products/togouchi-whisky,togouchi whisky,"buy togouchi online, togouchi premium whisky, togouchi whisky price, affordable japanese whisky, japanese whisky brands"
Japanese,Iwai Tradition Mars,iwai-tradition-whisky,https://caskworth.com/products/iwai-tradition-whisky,iwai tradition whisky,"buy iwai tradition online, iwai tradition mars whisky, iwai whisky price, affordable japanese whisky, japanese whisky brands"
Japanese,Ohishi,ohishi-whisky,https://caskworth.com/products/ohishi-whisky,ohishi whisky,"buy ohishi online, ohishi rice whisky, ohishi whisky price, japanese rice whisky, unique japanese whisky"
Japanese,Nikka Coffey Grain / Coffey Malt,nikka-coffey-whisky,https://caskworth.com/products/nikka-coffey-whisky,nikka coffey whisky,"buy nikka coffey grain online, nikka coffey malt price, japanese grain whisky, nikka whisky lineup, coffey still whisky"
Japanese,Kaiyo Mizunara Oak,kaiyo-mizunara-oak,https://caskworth.com/products/kaiyo-mizunara-oak,buy kaiyo mizunara oak online,"kaiyo mizunara oak whisky, kaiyo whisky price, japanese whisky brands, kaiyo japanese whisky, mizunara cask whisky"
Japanese,Nikka Taketsuru Pure Malt,nikka-taketsuru-pure-malt,https://caskworth.com/products/nikka-taketsuru-pure-malt,buy nikka taketsuru online,"nikka taketsuru pure malt, taketsuru whisky price, japanese whisky brands, nikka pure malt whisky, japanese blended malt"
Japanese,Tenjaku Pure Malt,tenjaku-pure-malt,https://caskworth.com/products/tenjaku-pure-malt,buy tenjaku pure malt online,"tenjaku pure malt whisky, tenjaku whisky price, japanese whisky brands, tenjaku japanese whisky, japanese pure malt"
Japanese,Kamiki Original,kamiki-original,https://caskworth.com/products/kamiki-original,buy kamiki whisky online,"kamiki original japanese whisky, kamiki whisky price, japanese whisky brands, sakura cask whisky, japanese blended whisky"
Japanese,Hatozaki Small Batch,hatozaki-small-batch,https://caskworth.com/products/hatozaki-small-batch,buy hatozaki small batch online,"hatozaki small batch japanese whisky, hatozaki whisky price, japanese whisky brands, hatozaki blended whisky, japanese blended whisky"
Japanese,Sekk Sato Shiki Single Grain,sekk-sato-shiki-single-grain,https://caskworth.com/products/sekk-sato-shiki-single-grain,buy sekk sato shiki online,"sekk sato shiki single grain whisky, sekk whisky price, japanese whisky brands, sekk japanese whisky, japanese grain whisky"
Japanese,Yamato Takeda Shingen Edition,yamato-takeda-shingen-edition,https://caskworth.com/products/yamato-takeda-shingen-edition,buy yamato whisky online,"yamato takeda shingen japanese whisky, yamato whisky price, japanese whisky brands, yamato blended whisky, japanese blended whisky"
Japanese,Mars The Lucky Cat Blended,mars-the-lucky-cat-blended,https://caskworth.com/products/mars-the-lucky-cat-blended,buy mars lucky cat whisky online,"mars lucky cat blended whisky, mars whisky price, japanese whisky brands, mars hana choco whisky, japanese blended whisky"
Japanese,Mars Komagatake 27 Year Old Single Malt,mars-komagatake-27-year-old-single-malt,https://caskworth.com/products/mars-komagatake-27-year-old-single-malt,mars komagatake 27 year old price,"buy mars komagatake 27 year, rare japanese single malt, aged mars whisky, komagatake 27 review, japanese whisky collector bottle"
Japanese,Mars Komagatake Single Cask Vintage,mars-komagatake-single-cask-vintage,https://caskworth.com/products/mars-komagatake-single-cask-vintage,buy mars komagatake single cask,"japanese single cask whisky, komagatake vintage price, rare mars whisky cask, single cask japanese malt, mars shinshu distillery whisky"
Japanese,Ichiro's Malt Hanyu 2000 Final Vintage 15 Year,ichiros-malt-hanyu-2000-final-vintage-15-year,https://caskworth.com/products/ichiros-malt-hanyu-2000-final-vintage-15-year,hanyu final vintage 15 year old price,"buy ichiro's malt hanyu, rare japanese whisky closed distillery, hanyu 2000 single malt, silent distillery japanese whisky, hanyu whisky collector"
Japanese,Kigai Japanese Whisky 7 Year,kigai-japanese-whisky-7-year,https://caskworth.com/products/kigai-japanese-whisky-7-year,buy kigai japanese whisky,"rare japanese single malt whisky, eigashima distillery whisky, kigai 7 year old price, limited japanese whisky import, small batch japanese whisky"
Japanese,Nagahama Tokyo 2020 Whisky,nagahama-tokyo-2020-whisky,https://caskworth.com/products/nagahama-tokyo-2020-whisky,nagahama tokyo whisky price,"buy nagahama distillery whisky, rare japanese craft whisky, nagahama limited edition, japanese whisky collector bottle, nagahama single batch whisky"
Irish,Bushmills Original Black Bush 10 Year 21 Year,bushmills-irish-whiskey,https://caskworth.com/products/bushmills-irish-whiskey,bushmills irish whiskey,"buy bushmills online, bushmills black bush, bushmills 10 year single malt, bushmills 21 year, bushmills whiskey price"
Irish,Tullamore D.E.W.,tullamore-dew-irish-whiskey,https://caskworth.com/products/tullamore-dew-irish-whiskey,tullamore dew irish whiskey,"buy tullamore dew online, tullamore dew original, tullamore dew price, blended irish whiskey, irish whiskey brands"
Irish,Teeling Whiskey,teeling-irish-whiskey,https://caskworth.com/products/teeling-irish-whiskey,teeling irish whiskey,"buy teeling online, teeling small batch, teeling single grain, teeling whiskey price, dublin irish whiskey"
Irish,Writers' Tears,writers-tears-irish-whiskey,https://caskworth.com/products/writers-tears-irish-whiskey,writers tears irish whiskey,"buy writers tears online, writers tears copper pot, writers tears price, pot still irish whiskey, irish whiskey brands"
Irish,Yellow Spot,yellow-spot-irish-whiskey,https://caskworth.com/products/yellow-spot-irish-whiskey,yellow spot irish whiskey,"buy yellow spot online, yellow spot 12 year, single pot still irish whiskey, yellow spot price, midleton spot whiskeys"
Irish,Method and Madness,method-and-madness-irish-whiskey,https://caskworth.com/products/method-and-madness-irish-whiskey,method and madness irish whiskey,"buy method and madness online, method and madness single pot still, method and madness price, midleton irish whiskey, experimental cask irish whiskey"
Irish,Slane Irish Whiskey,slane-irish-whiskey,https://caskworth.com/products/slane-irish-whiskey,slane irish whiskey,"buy slane online, slane triple casked, slane whiskey price, irish whiskey brands, blended irish whiskey"
Irish,Connemara,connemara-peated-irish-whiskey,https://caskworth.com/products/connemara-peated-irish-whiskey,connemara peated irish whiskey,"buy connemara online, connemara peated single malt, connemara whiskey price, peated irish whiskey, irish whiskey brands"
Irish,Kilbeggan,kilbeggan-irish-whiskey,https://caskworth.com/products/kilbeggan-irish-whiskey,kilbeggan irish whiskey,"buy kilbeggan online, kilbeggan traditional, kilbeggan whiskey price, affordable irish whiskey, irish whiskey brands"
Irish,The Sexton,the-sexton-irish-whiskey,https://caskworth.com/products/the-sexton-irish-whiskey,the sexton irish whiskey,"buy the sexton online, the sexton single malt, the sexton whiskey price, irish single malt whiskey, irish whiskey brands"
Irish,Roe & Co,roe-and-co-irish-whiskey,https://caskworth.com/products/roe-and-co-irish-whiskey,roe and co irish whiskey,"buy roe and co online, roe and co blended whiskey, roe and co price, dublin irish whiskey, irish whiskey brands"
Irish,Waterford Whisky,waterford-irish-whisky,https://caskworth.com/products/waterford-irish-whisky,waterford irish whisky,"buy waterford online, waterford single malt whisky, waterford whisky price, terroir irish whiskey, irish single malt whiskey"
Irish,Egan's Vintage Grain,egans-vintage-grain,https://caskworth.com/products/egans-vintage-grain,buy egan's vintage grain online,"egans vintage grain irish whiskey, egans whiskey price, single grain irish whiskey, egans irish whiskey, irish whiskey brands"
Irish,West Cork Bourbon Cask,west-cork-bourbon-cask,https://caskworth.com/products/west-cork-bourbon-cask,buy west cork irish whiskey online,"west cork bourbon cask whiskey, west cork whiskey price, blended irish whiskey, west cork irish whiskey, irish whiskey brands"
Irish,Dingle Single Malt,dingle-single-malt,https://caskworth.com/products/dingle-single-malt,buy dingle single malt online,"dingle single malt irish whiskey, dingle whiskey price, single malt irish whiskey, dingle distillery whiskey, irish whiskey brands"
Irish,Glendalough Double Barrel,glendalough-double-barrel,https://caskworth.com/products/glendalough-double-barrel,buy glendalough double barrel online,"glendalough double barrel irish whiskey, glendalough whiskey price, blended irish whiskey, glendalough irish whiskey, irish whiskey brands"
Irish,Proper No. Twelve,proper-no-twelve,https://caskworth.com/products/proper-no-twelve,buy proper no twelve online,"proper no. twelve irish whiskey, proper twelve whiskey price, blended irish whiskey, conor mcgregor whiskey, irish whiskey brands"
Irish,Kinahan's 10 Year,kinahans-10-year,https://caskworth.com/products/kinahans-10-year,buy kinahan's 10 year online,"kinahans 10 year single malt, kinahans whiskey price, single malt irish whiskey, kinahans irish whiskey, irish whiskey brands"
Irish,The Busker Single Malt,the-busker-single-malt,https://caskworth.com/products/the-busker-single-malt,buy the busker single malt online,"the busker single malt irish whiskey, busker whiskey price, single malt irish whiskey, busker irish whiskey, irish whiskey brands"
Irish,Powers Gold Label,powers-gold-label,https://caskworth.com/products/powers-gold-label,buy powers gold label online,"powers gold label irish whiskey, powers whiskey price, single pot still irish whiskey, powers irish whiskey, irish whiskey brands"
Irish,Old Comber 30 Year Old Pure Pot Still,old-comber-30-year-old-pure-pot-still,https://caskworth.com/products/old-comber-30-year-old-pure-pot-still,old comber 30 year old price,"buy old comber irish whiskey, rare single pot still irish, closed distillery irish whiskey, old comber pure pot still, collectible irish whiskey"
Irish,Coleraine 1959 34 Year Old Very Rare,coleraine-1959-34-year-old-very-rare,https://caskworth.com/products/coleraine-1959-34-year-old-very-rare,coleraine 34 year old irish whiskey,"rare irish whiskey auction, closed distillery irish single malt, coleraine 1959 price, vintage irish whiskey collector, single cask irish whiskey"
Irish,The Craft Irish Whiskey Co The Taoscán 15 Year,the-craft-irish-whiskey-co-the-taoscan-15-year,https://caskworth.com/products/the-craft-irish-whiskey-co-the-taoscan-15-year,buy the taoscan irish whiskey,"craft irish whiskey co taoscan, luxury irish single malt, rare irish whiskey price, taoscan whiskey review, triple distilled irish single malt"
Irish,Locke's 8 Year Old Single Malt,lockes-8-year-old-single-malt,https://caskworth.com/products/lockes-8-year-old-single-malt,locke's 8 year old irish whiskey,"rare irish whiskey decanter, locke's single malt price, vintage irish whiskey bottle, boxed irish whiskey collector edition, single pot still irish whiskey rare"
Irish,Redbreast 27 Year Old Single Pot Still,redbreast-27-year-old-single-pot-still,https://caskworth.com/products/redbreast-27-year-old-single-pot-still,redbreast 27 year old price,"buy redbreast 27 single pot still, rare irish pot still whiskey, redbreast ruby port cask, aged irish whiskey collector, redbreast 27 review"